-- =============================================
-- INSERÇÃO DE DADOS DE EXEMPLO
-- =============================================

-- Inserir 30 clientes
INSERT INTO clientes (nome, estado, data_cadastro) VALUES
('João Silva', 'SP', '2024-01-15'),
('Maria Santos', 'RJ', '2024-01-16'),
('Pedro Oliveira', 'MG', '2024-01-17'),
('Ana Costa', 'RS', '2024-01-18'),
('Carlos Pereira', 'PR', '2024-01-19'),
('Juliana Rodrigues', 'SC', '2024-01-20'),
('Fernando Alves', 'BA', '2024-01-21'),
('Amanda Lima', 'PE', '2024-01-22'),
('Ricardo Souza', 'CE', '2024-01-23'),
('Patrícia Martins', 'GO', '2024-01-24'),
('Bruno Ferreira', 'AM', '2024-02-01'),
('Camila Rocha', 'PA', '2024-02-02'),
('Lucas Barbosa', 'ES', '2024-02-03'),
('Isabela Cardoso', 'MA', '2024-02-04'),
('Rafael Dias', 'MS', '2024-02-05'),
('Larissa Nunes', 'MT', '2024-02-06'),
('Diego Castro', 'PI', '2024-02-07'),
('Vanessa Correia', 'RN', '2024-02-08'),
('Marcos Pinto', 'AL', '2024-02-09'),
('Tatiane Moura', 'SE', '2024-02-10'),
('Gustavo Henrique', 'TO', '2024-02-11'),
('Cristina Duarte', 'RO', '2024-02-12'),
('André Santos', 'AC', '2024-02-13'),
('Daniela Ramos', 'AP', '2024-02-14'),
('Felipe Costa', 'RR', '2024-02-15'),
('Laura Mendes', 'PB', '2024-02-16'),
('Roberto Silva', 'DF', '2024-02-17'),
('Mariana Oliveira', 'SP', '2024-02-18'),
('Sérgio Almeida', 'RJ', '2024-02-19'),
('Elaine Torres', 'MG', '2024-02-20');

-- Inserir 30 produtos
INSERT INTO produtos (categoria, preco) VALUES
('Eletrônicos', 1299.99),
('Eletrônicos', 899.50),
('Informática', 2450.00),
('Informática', 189.90),
('Celulares', 1599.00),
('Celulares', 799.99),
('Tablets', 1200.00),
('Tablets', 650.50),
('Áudio', 299.90),
('Áudio', 159.00),
('Games', 2499.00),
('Games', 59.90),
('Eletrodomésticos', 899.00),
('Eletrodomésticos', 450.75),
('Cozinha', 129.90),
('Cozinha', 79.99),
('Móveis', 1250.00),
('Móveis', 389.50),
('Esportes', 199.00),
('Esportes', 89.90),
('Livros', 49.90),
('Livros', 29.50),
('Roupas', 89.99),
('Roupas', 159.00),
('Calçados', 129.90),
('Calçados', 299.00),
('Beleza', 79.90),
('Beleza', 45.50),
('Casa', 120.00),
('Casa', 65.80);

-- Inserir 30 pedidos
INSERT INTO pedidos (id_cliente, data_pedido, status) VALUES
(1, '2024-01-05', 'entregue'),
(2, '2024-01-07', 'processando'),
(3, '2024-01-10', 'entregue'),
(4, '2024-01-12', 'cancelado'),
(5, '2024-01-15', 'entregue'),
(6, '2024-01-18', 'processando'),
(7, '2024-01-20', 'entregue'),
(8, '2024-01-22', 'entregue'),
(9, '2024-01-25', 'cancelado'),
(10, '2024-01-28', 'entregue'),
(11, '2024-02-01', 'processando'),
(12, '2024-02-03', 'entregue'),
(13, '2024-02-05', 'entregue'),
(14, '2024-02-08', 'processando'),
(15, '2024-02-10', 'entregue'),
(16, '2024-02-12', 'cancelado'),
(17, '2024-02-15', 'entregue'),
(18, '2024-02-18', 'processando'),
(19, '2024-02-20', 'entregue'),
(20, '2024-02-22', 'entregue'),
(21, '2024-02-25', 'processando'),
(22, '2024-02-28', 'entregue'),
(23, '2024-03-01', 'entregue'),
(24, '2024-03-03', 'processando'),
(25, '2024-03-05', 'entregue'),
(26, '2024-03-08', 'cancelado'),
(27, '2024-03-10', 'entregue'),
(28, '2024-03-12', 'processando'),
(29, '2024-03-15', 'entregue'),
(30, '2024-03-18', 'entregue');

-- Inserir 30 items
INSERT INTO items (pedido_id, produto_id, quantidade) VALUES
(1, 1, 2),
(1, 3, 1),
(2, 2, 1),
(2, 5, 3),
(3, 4, 2),
(3, 6, 1),
(4, 7, 4),
(4, 8, 2),
(5, 9, 1),
(5, 10, 2),
(6, 11, 3),
(6, 12, 1),
(7, 13, 2),
(7, 14, 1),
(8, 15, 5),
(8, 16, 2),
(9, 17, 1),
(9, 18, 3),
(10, 19, 2),
(10, 20, 1),
(11, 21, 4),
(11, 22, 2),
(12, 23, 1),
(12, 24, 3),
(13, 25, 2),
(13, 26, 1),
(14, 27, 5),
(14, 28, 2),
(15, 29, 1),
(15, 30, 3);